{"flutter":{"platforms":{"android":{"default":{"projectId":"tamarattendence","appId":"1:947171976340:android:4e24650080b156f1dd8081","fileOutput":"android/app/google-services.json"}},"dart":{"lib/firebase_options.dart":{"projectId":"tamarattendence","configurations":{"android":"1:947171976340:android:4e24650080b156f1dd8081","ios":"1:947171976340:ios:c799db6307d75a30dd8081","macos":"1:947171976340:ios:c799db6307d75a30dd8081","web":"1:947171976340:web:5b8c5d4c92df2f9ddd8081","windows":"1:947171976340:web:0620d03ba81504f0dd8081"}}}}}}