{
  "project_info": {
    "project_number": "947171976340",
    "project_id": "tamarattendence",
    "storage_bucket": "tamarattendence.firebasestorage.app"
  },
  "client": [
    {
      "client_info": {
        "mobilesdk_app_id": "1:947171976340:android:4e24650080b156f1dd8081",
        "android_client_info": {
          "package_name": "com.example.tamar_attendence"
        }
      },
      "oauth_client": [],
      "api_key": [
        {
          "current_key": "AIzaSyB23rRnuNbM4ab5-wxbaKA9RimK_ZBJHdE"
        }
      ],
      "services": {
        "appinvite_service": {
          "other_platform_oauth_client": []
        }
      }
    }
  ],
  "configuration_version": "1"
}